customer_id,age,gender,region,signup_date
CUST0001,58,Male,Tokyo,2021-08-02
CUST0002,48,Female,Tokyo,2018-08-17
CUST0003,34,Female,Tokyo,2018-02-21
CUST0004,27,Male,Tokyo,2022-02-27
CUST0005,40,Female,Osaka,2019-07-18
CUST0006,58,Female,Nagoya,2019-05-17
CUST0007,38,Male,Fukuoka,2019-04-03
CUST0008,42,Female,Tokyo,2018-10-13
CUST0009,30,Female,Tokyo,2022-02-17
CUST0010,30,Female,Tokyo,2018-07-29
CUST0011,43,Male,Nagoya,2021-10-17
CUST0012,55,Male,Nagoya,2022-02-25
CUST0013,59,Male,Tokyo,2021-01-21
CUST0014,43,Female,Sapporo,2018-06-28
CUST0015,22,Female,Tokyo,2021-04-24
CUST0016,41,Male,Osaka,2020-05-14
CUST0017,21,Female,Nagoya,2018-03-07
CUST0018,43,Female,Fukuoka,2018-03-03
CUST0019,49,Female,Nagoya,2018-07-11
CUST0020,57,Female,Fukuoka,2019-03-24
CUST0021,21,Female,Tokyo,2019-04-22
CUST0022,40,Male,Fukuoka,2020-10-31
CUST0023,52,Female,Tokyo,2021-05-17
CUST0024,31,Male,Fukuoka,2018-02-24
CUST0025,41,Female,Osaka,2021-02-23
CUST0026,44,Male,Fukuoka,2019-02-12
CUST0027,46,Female,Osaka,2022-01-06
CUST0028,47,Male,Nagoya,2021-08-23
CUST0029,35,Female,Osaka,2021-12-07
CUST0030,34,Male,Nagoya,2021-01-21
CUST0031,22,Female,Tokyo,2020-05-09
CUST0032,56,Male,Tokyo,2019-03-28
CUST0033,26,Female,Tokyo,2020-07-08
CUST0034,40,Male,Tokyo,2021-04-21
CUST0035,28,Male,Fukuoka,2019-07-24
CUST0036,58,Female,Tokyo,2022-07-16
CUST0037,37,Female,Sapporo,2022-11-16
CUST0038,23,Male,Tokyo,2018-01-14
CUST0039,44,Female,Tokyo,2022-04-04
CUST0040,33,Male,Nagoya,2022-07-09
CUST0041,28,Male,Nagoya,2018-11-23
CUST0042,45,Male,Osaka,2021-11-30
CUST0043,21,Female,Osaka,2020-05-15
CUST0044,39,Male,Nagoya,2019-11-28
CUST0045,47,Male,Tokyo,2019-07-24
CUST0046,26,Female,Sapporo,2018-11-15
CUST0047,27,Female,Sapporo,2019-03-17
CUST0048,54,Female,Nagoya,2022-04-13
CUST0049,33,Female,Tokyo,2019-11-21
CUST0050,36,Male,Nagoya,2018-07-29
CUST0051,55,Male,Tokyo,2018-07-09
CUST0052,59,Male,Tokyo,2020-02-18
CUST0053,23,Male,Tokyo,2018-07-18
CUST0054,21,Female,Osaka,2020-01-06
CUST0055,25,Male,Fukuoka,2022-10-02
CUST0056,23,Male,Nagoya,2019-12-06
CUST0057,48,Female,Nagoya,2021-05-21
CUST0058,37,Male,Osaka,2019-06-26
CUST0059,45,Male,Tokyo,2022-07-11
CUST0060,53,Male,Tokyo,2018-03-30
CUST0061,29,Male,Sapporo,2022-02-03
CUST0062,55,Male,Tokyo,2020-07-29
CUST0063,33,Male,Fukuoka,2021-01-03
CUST0064,50,Female,Osaka,2018-09-13
CUST0065,34,Female,Osaka,2020-02-15
CUST0066,27,Male,Nagoya,2018-06-11
CUST0067,33,Male,Osaka,2021-02-04
CUST0068,42,Female,Fukuoka,2019-08-24
CUST0069,59,Male,Sapporo,2022-08-26
CUST0070,40,Male,Osaka,2021-07-11
CUST0071,35,Male,Tokyo,2021-06-20
CUST0072,37,Female,Osaka,2022-12-19
CUST0073,43,Male,Sapporo,2022-10-31
CUST0074,45,Female,Tokyo,2020-01-11
CUST0075,44,Male,Nagoya,2021-03-28
CUST0076,60,Female,Nagoya,2019-01-29
CUST0077,48,Female,Nagoya,2021-12-13
CUST0078,34,Male,Tokyo,2018-05-23
CUST0079,20,Female,Nagoya,2018-04-04
CUST0080,44,Male,Sapporo,2021-09-16
CUST0081,26,Female,Tokyo,2019-04-12
CUST0082,28,Male,Tokyo,2022-05-03
CUST0083,43,Male,Sapporo,2019-08-16
CUST0084,20,Female,Tokyo,2018-06-13
CUST0085,27,Male,Fukuoka,2022-10-18
CUST0086,43,Male,Osaka,2019-04-22
CUST0087,30,Female,Tokyo,2022-11-10
CUST0088,36,Male,Fukuoka,2018-07-26
CUST0089,27,Male,Osaka,2020-02-18
CUST0090,54,Female,Osaka,2019-07-24
CUST0091,54,Female,Tokyo,2020-07-17
CUST0092,52,Male,Osaka,2021-07-25
CUST0093,24,Male,Tokyo,2022-09-05
CUST0094,58,Female,Tokyo,2020-01-18
CUST0095,60,Female,Sapporo,2018-11-30
CUST0096,47,Male,Tokyo,2020-01-29
CUST0097,26,Female,Nagoya,2019-12-29
CUST0098,28,Male,Tokyo,2019-03-06
CUST0099,27,Male,Nagoya,2021-10-04
CUST0100,31,Male,Tokyo,2019-07-01
CUST0101,53,Male,Sapporo,2021-12-08
CUST0102,52,Male,Osaka,2021-10-31
CUST0103,42,Female,Tokyo,2021-08-20
CUST0104,43,Female,Tokyo,2018-05-27
CUST0105,56,Female,Tokyo,2021-06-01
CUST0106,54,Female,Osaka,2021-07-24
CUST0107,59,Male,Tokyo,2018-12-17
CUST0108,41,Male,Fukuoka,2020-12-29
CUST0109,46,Male,Osaka,2022-02-02
CUST0110,54,Male,Tokyo,2019-05-17
CUST0111,20,Female,Nagoya,2018-12-01
CUST0112,54,Male,Nagoya,2020-08-04
CUST0113,56,Male,Tokyo,2020-02-17
CUST0114,33,Female,Tokyo,2019-07-07
CUST0115,22,Female,Tokyo,2021-08-03
CUST0116,20,Female,Nagoya,2021-11-10
CUST0117,24,Female,Nagoya,2021-02-14
CUST0118,45,Male,Osaka,2019-03-26
CUST0119,33,Male,Fukuoka,2021-11-03
CUST0120,58,Female,Fukuoka,2019-10-27
CUST0121,46,Male,Osaka,2022-09-23
CUST0122,28,Male,Fukuoka,2022-04-23
CUST0123,34,Male,Tokyo,2022-05-09
CUST0124,34,Female,Tokyo,2018-04-25
CUST0125,45,Male,Tokyo,2019-04-15
CUST0126,32,Female,Tokyo,2022-08-11
CUST0127,51,Male,Osaka,2018-03-07
CUST0128,58,Male,Sapporo,2022-07-07
CUST0129,51,Male,Tokyo,2019-10-09
CUST0130,23,Female,Tokyo,2020-04-01
CUST0131,49,Male,Osaka,2019-07-03
CUST0132,56,Female,Sapporo,2018-05-16
CUST0133,42,Female,Tokyo,2019-03-09
CUST0134,58,Female,Osaka,2021-03-07
CUST0135,34,Male,Tokyo,2022-11-30
CUST0136,48,Male,Tokyo,2022-01-10
CUST0137,55,Male,Sapporo,2019-10-07
CUST0138,32,Male,Sapporo,2019-03-12
CUST0139,51,Female,Tokyo,2021-09-04
CUST0140,26,Female,Sapporo,2020-10-19
CUST0141,41,Female,Nagoya,2020-03-21
CUST0142,47,Male,Fukuoka,2022-12-17
CUST0143,21,Female,Osaka,2021-08-09
CUST0144,25,Male,Osaka,2020-07-28
CUST0145,47,Female,Osaka,2018-10-20
CUST0146,47,Male,Nagoya,2019-06-27
CUST0147,39,Male,Tokyo,2018-10-13
CUST0148,49,Female,Tokyo,2019-05-21
CUST0149,30,Female,Tokyo,2022-03-06
CUST0150,47,Female,Nagoya,2021-02-23
CUST0151,44,Female,Tokyo,2021-01-08
CUST0152,58,Male,Nagoya,2019-06-23
CUST0153,52,Female,Sapporo,2022-03-10
CUST0154,20,Female,Tokyo,2021-04-12
CUST0155,46,Female,Nagoya,2020-05-27
CUST0156,32,Male,Osaka,2021-04-10
CUST0157,60,Male,Fukuoka,2020-03-28
CUST0158,22,Female,Tokyo,2020-01-12
CUST0159,58,Male,Nagoya,2019-03-26
CUST0160,25,Female,Fukuoka,2018-10-11
CUST0161,27,Male,Sapporo,2020-11-09
CUST0162,46,Male,Nagoya,2020-10-07
CUST0163,28,Male,Osaka,2018-07-06
CUST0164,56,Male,Nagoya,2022-03-28
CUST0165,52,Female,Fukuoka,2018-04-07
CUST0166,43,Female,Osaka,2022-10-30
CUST0167,34,Female,Tokyo,2018-08-13
CUST0168,51,Male,Sapporo,2018-11-10
CUST0169,51,Female,Nagoya,2021-07-09
CUST0170,43,Female,Nagoya,2018-11-24
CUST0171,60,Female,Tokyo,2022-06-11
CUST0172,31,Male,Nagoya,2021-10-25
CUST0173,58,Male,Tokyo,2020-05-14
CUST0174,21,Male,Nagoya,2021-05-06
CUST0175,22,Female,Tokyo,2018-05-11
CUST0176,56,Female,Nagoya,2020-02-28
CUST0177,36,Female,Sapporo,2020-02-21
CUST0178,21,Male,Tokyo,2021-05-05
CUST0179,21,Male,Sapporo,2020-08-16
CUST0180,47,Female,Osaka,2020-12-19
CUST0181,42,Male,Fukuoka,2019-05-30
CUST0182,56,Male,Nagoya,2021-02-07
CUST0183,51,Male,Osaka,2022-10-29
CUST0184,52,Male,Nagoya,2018-01-24
CUST0185,20,Female,Fukuoka,2021-10-25
CUST0186,38,Male,Osaka,2022-01-16
CUST0187,21,Male,Tokyo,2018-08-23
CUST0188,45,Male,Nagoya,2021-10-28
CUST0189,51,Male,Fukuoka,2022-12-18
CUST0190,25,Female,Nagoya,2021-01-04
CUST0191,51,Female,Nagoya,2022-03-18
CUST0192,23,Male,Osaka,2019-07-01
CUST0193,30,Male,Fukuoka,2022-04-24
CUST0194,36,Male,Tokyo,2021-08-05
CUST0195,57,Male,Osaka,2019-11-28
CUST0196,43,Male,Tokyo,2018-08-17
CUST0197,24,Male,Tokyo,2019-08-25
CUST0198,53,Female,Tokyo,2020-06-09
CUST0199,25,Male,Tokyo,2018-11-20
CUST0200,41,Female,Nagoya,2020-07-18
CUST0201,30,Female,Tokyo,2018-01-07
CUST0202,35,Male,Osaka,2022-01-18
CUST0203,52,Female,Tokyo,2022-11-29
CUST0204,28,Female,Tokyo,2022-01-13
CUST0205,25,Female,Tokyo,2019-06-24
CUST0206,35,Female,Tokyo,2020-10-22
CUST0207,48,Female,Nagoya,2022-04-10
CUST0208,22,Female,Nagoya,2019-01-01
CUST0209,39,Male,Nagoya,2020-11-05
CUST0210,55,Female,Osaka,2018-08-06
CUST0211,38,Female,Tokyo,2022-11-18
CUST0212,45,Female,Fukuoka,2021-07-04
CUST0213,22,Male,Osaka,2019-09-04
CUST0214,38,Female,Osaka,2022-09-20
CUST0215,39,Male,Tokyo,2021-08-01
CUST0216,51,Female,Tokyo,2020-11-05
CUST0217,26,Male,Tokyo,2021-06-01
CUST0218,60,Male,Tokyo,2019-02-12
CUST0219,52,Female,Osaka,2018-11-10
CUST0220,59,Female,Osaka,2020-02-05
CUST0221,58,Male,Nagoya,2022-04-11
CUST0222,37,Female,Nagoya,2018-11-27
CUST0223,59,Male,Fukuoka,2021-01-09
CUST0224,20,Male,Nagoya,2022-05-14
CUST0225,30,Male,Sapporo,2020-12-22
CUST0226,47,Male,Tokyo,2018-01-02
CUST0227,44,Male,Tokyo,2021-05-11
CUST0228,42,Female,Tokyo,2019-10-26
CUST0229,50,Male,Nagoya,2020-09-27
CUST0230,49,Male,Fukuoka,2018-02-09
CUST0231,54,Female,Tokyo,2018-08-18
CUST0232,26,Male,Sapporo,2020-01-14
CUST0233,35,Female,Tokyo,2022-12-05
CUST0234,45,Female,Sapporo,2022-08-31
CUST0235,21,Female,Tokyo,2022-07-11
CUST0236,20,Male,Tokyo,2019-09-22
CUST0237,31,Male,Osaka,2019-05-06
CUST0238,24,Male,Tokyo,2018-04-29
CUST0239,56,Female,Tokyo,2019-05-09
CUST0240,51,Male,Tokyo,2022-12-04
CUST0241,28,Female,Fukuoka,2021-03-07
CUST0242,60,Male,Osaka,2018-06-11
CUST0243,54,Female,Tokyo,2018-06-25
CUST0244,38,Male,Nagoya,2022-02-07
CUST0245,35,Male,Nagoya,2020-09-22
CUST0246,22,Male,Tokyo,2022-07-30
CUST0247,39,Female,Osaka,2018-05-22
CUST0248,43,Female,Tokyo,2022-04-07
CUST0249,52,Male,Tokyo,2020-12-26
CUST0250,43,Male,Nagoya,2022-04-18
CUST0251,30,Female,Tokyo,2018-09-15
CUST0252,27,Female,Osaka,2018-09-20
CUST0253,55,Female,Nagoya,2021-09-13
CUST0254,57,Male,Tokyo,2020-08-31
CUST0255,59,Female,Osaka,2021-01-30
CUST0256,39,Male,Tokyo,2018-12-05
CUST0257,54,Female,Sapporo,2019-06-27
CUST0258,44,Male,Osaka,2020-12-16
CUST0259,54,Female,Fukuoka,2022-11-22
CUST0260,44,Female,Osaka,2021-05-27
CUST0261,48,Female,Tokyo,2020-05-16
CUST0262,37,Female,Nagoya,2019-03-10
CUST0263,37,Female,Sapporo,2021-01-09
CUST0264,21,Male,Nagoya,2022-03-27
CUST0265,54,Female,Fukuoka,2022-02-03
CUST0266,35,Female,Fukuoka,2021-11-13
CUST0267,60,Female,Tokyo,2019-02-16
CUST0268,55,Male,Tokyo,2021-12-31
CUST0269,52,Female,Nagoya,2019-10-01
CUST0270,23,Male,Osaka,2020-03-28
CUST0271,52,Female,Fukuoka,2021-10-07
CUST0272,33,Female,Sapporo,2021-08-23
CUST0273,40,Male,Tokyo,2020-02-04
CUST0274,39,Female,Tokyo,2020-06-16
CUST0275,27,Male,Nagoya,2020-11-25
CUST0276,26,Male,Tokyo,2020-07-13
CUST0277,22,Female,Fukuoka,2018-09-05
CUST0278,36,Male,Osaka,2019-05-23
CUST0279,52,Female,Nagoya,2019-04-06
CUST0280,31,Female,Tokyo,2018-05-12
CUST0281,41,Male,Nagoya,2019-11-24
CUST0282,41,Male,Osaka,2018-02-13
CUST0283,49,Male,Osaka,2021-04-19
CUST0284,57,Male,Tokyo,2021-02-08
CUST0285,57,Female,Nagoya,2019-04-17
CUST0286,27,Female,Fukuoka,2021-04-20
CUST0287,46,Male,Tokyo,2019-03-28
CUST0288,46,Female,Tokyo,2018-01-15
CUST0289,53,Female,Tokyo,2018-05-26
CUST0290,40,Female,Nagoya,2021-12-20
CUST0291,49,Female,Nagoya,2021-07-16
CUST0292,52,Male,Osaka,2018-05-01
CUST0293,47,Male,Tokyo,2019-04-14
CUST0294,52,Female,Tokyo,2018-05-19
CUST0295,24,Male,Osaka,2018-03-06
CUST0296,38,Male,Osaka,2022-10-27
CUST0297,23,Male,Sapporo,2019-11-08
CUST0298,54,Female,Tokyo,2018-05-26
CUST0299,36,Female,Nagoya,2020-11-18
CUST0300,47,Female,Osaka,2019-05-03
CUST0301,49,Male,Osaka,2019-07-25
CUST0302,48,Female,Nagoya,2021-10-02
CUST0303,25,Female,Nagoya,2020-09-21
CUST0304,54,Male,Sapporo,2019-03-15
CUST0305,60,Female,Tokyo,2021-01-09
CUST0306,56,Female,Tokyo,2018-09-28
CUST0307,43,Male,Nagoya,2022-01-21
CUST0308,48,Male,Osaka,2022-12-13
CUST0309,50,Male,Tokyo,2021-03-15
CUST0310,54,Female,Tokyo,2021-03-26
CUST0311,52,Female,Tokyo,2020-08-26
CUST0312,40,Female,Fukuoka,2019-05-13
CUST0313,51,Male,Tokyo,2022-05-26
CUST0314,42,Male,Tokyo,2020-08-26
CUST0315,52,Female,Tokyo,2022-07-12
CUST0316,22,Female,Tokyo,2020-04-13
CUST0317,37,Male,Tokyo,2019-01-25
CUST0318,44,Male,Osaka,2018-07-13
CUST0319,50,Male,Tokyo,2018-07-18
CUST0320,22,Male,Fukuoka,2021-09-11
CUST0321,59,Female,Tokyo,2020-06-01
CUST0322,43,Male,Osaka,2019-12-27
CUST0323,51,Female,Fukuoka,2020-05-17
CUST0324,41,Female,Nagoya,2020-04-21
CUST0325,42,Female,Osaka,2020-08-14
CUST0326,21,Male,Tokyo,2022-11-05
CUST0327,46,Male,Tokyo,2022-02-02
CUST0328,21,Male,Nagoya,2018-04-21
CUST0329,45,Male,Sapporo,2021-10-11
CUST0330,36,Female,Nagoya,2021-08-31
CUST0331,59,Male,Osaka,2021-08-16
CUST0332,52,Male,Nagoya,2018-07-21
CUST0333,28,Female,Osaka,2018-05-05
CUST0334,58,Male,Tokyo,2020-04-04
CUST0335,48,Female,Osaka,2022-01-31
CUST0336,45,Female,Sapporo,2019-11-26
CUST0337,54,Female,Tokyo,2022-06-28
CUST0338,44,Female,Nagoya,2022-10-31
CUST0339,43,Female,Tokyo,2018-08-12
CUST0340,32,Female,Osaka,2019-05-25
CUST0341,26,Female,Tokyo,2019-01-28
CUST0342,55,Female,Osaka,2019-01-25
CUST0343,39,Male,Nagoya,2021-01-03
CUST0344,20,Male,Tokyo,2020-07-07
CUST0345,27,Male,Nagoya,2018-10-15
CUST0346,35,Male,Nagoya,2020-05-14
CUST0347,33,Female,Sapporo,2019-01-11
CUST0348,31,Male,Tokyo,2019-07-25
CUST0349,42,Female,Tokyo,2020-08-05
CUST0350,34,Male,Tokyo,2019-05-27
CUST0351,47,Male,Sapporo,2022-11-26
CUST0352,53,Male,Sapporo,2018-06-04
CUST0353,21,Female,Osaka,2020-06-26
CUST0354,51,Male,Fukuoka,2022-07-13
CUST0355,42,Female,Osaka,2022-10-31
CUST0356,41,Female,Nagoya,2022-10-20
CUST0357,44,Male,Tokyo,2021-02-01
CUST0358,41,Male,Nagoya,2018-07-20
CUST0359,41,Male,Tokyo,2018-04-14
CUST0360,25,Female,Fukuoka,2021-08-28
CUST0361,34,Male,Nagoya,2021-01-12
CUST0362,56,Female,Nagoya,2022-09-09
CUST0363,52,Female,Tokyo,2018-01-31
CUST0364,27,Male,Tokyo,2018-07-11
CUST0365,24,Male,Tokyo,2022-03-24
CUST0366,58,Female,Tokyo,2022-10-05
CUST0367,23,Female,Tokyo,2019-04-30
CUST0368,25,Female,Sapporo,2018-12-07
CUST0369,51,Male,Osaka,2020-04-12
CUST0370,49,Female,Tokyo,2020-09-21
CUST0371,54,Male,Tokyo,2020-09-12
CUST0372,59,Female,Osaka,2019-03-14
CUST0373,35,Female,Nagoya,2022-11-06
CUST0374,32,Male,Osaka,2020-04-01
CUST0375,49,Female,Sapporo,2018-05-01
CUST0376,38,Male,Osaka,2018-12-04
CUST0377,36,Male,Sapporo,2020-02-16
CUST0378,38,Female,Fukuoka,2018-01-05
CUST0379,47,Male,Tokyo,2020-03-10
CUST0380,45,Male,Sapporo,2019-06-28
CUST0381,56,Female,Tokyo,2022-05-25
CUST0382,45,Male,Fukuoka,2022-05-27
CUST0383,42,Male,Tokyo,2020-07-20
CUST0384,28,Male,Fukuoka,2019-08-08
CUST0385,31,Female,Fukuoka,2020-05-16
CUST0386,20,Male,Fukuoka,2021-11-27
CUST0387,20,Female,Nagoya,2022-02-05
CUST0388,53,Female,Tokyo,2022-05-24
CUST0389,51,Male,Tokyo,2021-02-12
CUST0390,44,Male,Osaka,2021-09-17
CUST0391,59,Male,Tokyo,2022-01-11
CUST0392,20,Female,Nagoya,2020-09-23
CUST0393,35,Male,Tokyo,2018-11-14
CUST0394,58,Male,Sapporo,2019-01-24
CUST0395,24,Male,Nagoya,2019-08-31
CUST0396,41,Male,Fukuoka,2019-03-22
CUST0397,48,Male,Tokyo,2018-04-30
CUST0398,22,Female,Fukuoka,2021-04-01
CUST0399,31,Female,Sapporo,2022-02-15
CUST0400,45,Male,Osaka,2021-01-15
CUST0401,35,Male,Nagoya,2018-05-05
CUST0402,56,Male,Nagoya,2022-03-12
CUST0403,41,Male,Tokyo,2019-10-05
CUST0404,48,Female,Osaka,2018-04-28
CUST0405,33,Male,Tokyo,2018-04-13
CUST0406,47,Female,Tokyo,2021-04-11
CUST0407,24,Female,Tokyo,2020-09-03
CUST0408,49,Male,Tokyo,2020-10-26
CUST0409,24,Female,Tokyo,2022-10-13
CUST0410,31,Female,Tokyo,2020-12-23
CUST0411,35,Female,Sapporo,2018-11-19
CUST0412,45,Female,Osaka,2018-04-27
CUST0413,45,Male,Sapporo,2020-11-06
CUST0414,40,Male,Osaka,2018-06-14
CUST0415,58,Female,Tokyo,2022-10-10
CUST0416,55,Male,Osaka,2019-01-16
CUST0417,52,Male,Osaka,2018-05-21
CUST0418,49,Male,Tokyo,2021-05-03
CUST0419,56,Male,Nagoya,2018-05-20
CUST0420,42,Male,Tokyo,2021-10-14
CUST0421,29,Female,Nagoya,2022-11-01
CUST0422,24,Male,Nagoya,2019-04-27
CUST0423,55,Male,Tokyo,2020-04-06
CUST0424,53,Male,Tokyo,2018-09-03
CUST0425,50,Male,Nagoya,2022-12-29
CUST0426,29,Female,Osaka,2021-03-12
CUST0427,38,Female,Tokyo,2019-05-20
CUST0428,51,Female,Sapporo,2021-03-31
CUST0429,20,Female,Tokyo,2021-05-02
CUST0430,24,Male,Nagoya,2018-03-23
CUST0431,23,Female,Sapporo,2021-06-22
CUST0432,35,Male,Tokyo,2018-06-17
CUST0433,43,Male,Tokyo,2020-05-08
CUST0434,35,Male,Tokyo,2021-09-08
CUST0435,21,Male,Tokyo,2021-04-10
CUST0436,47,Male,Tokyo,2021-03-03
CUST0437,51,Female,Nagoya,2020-12-06
CUST0438,46,Female,Tokyo,2019-10-10
CUST0439,39,Female,Osaka,2019-06-19
CUST0440,43,Female,Sapporo,2019-02-23
CUST0441,31,Male,Fukuoka,2021-10-03
CUST0442,54,Female,Nagoya,2022-01-06
CUST0443,52,Male,Tokyo,2019-10-06
CUST0444,52,Female,Nagoya,2019-05-04
CUST0445,56,Male,Osaka,2019-06-28
CUST0446,31,Male,Osaka,2020-03-21
CUST0447,22,Female,Tokyo,2018-09-26
CUST0448,20,Male,Fukuoka,2021-10-07
CUST0449,52,Male,Osaka,2021-08-14
CUST0450,59,Female,Tokyo,2019-09-07
CUST0451,29,Male,Tokyo,2020-07-25
CUST0452,48,Female,Osaka,2019-10-10
CUST0453,32,Female,Fukuoka,2022-03-20
CUST0454,31,Female,Nagoya,2018-05-29
CUST0455,50,Male,Nagoya,2018-01-20
CUST0456,21,Male,Tokyo,2020-07-27
CUST0457,54,Male,Osaka,2021-06-26
CUST0458,42,Female,Osaka,2021-02-27
CUST0459,36,Male,Tokyo,2018-07-24
CUST0460,45,Female,Tokyo,2018-05-31
CUST0461,27,Female,Nagoya,2021-01-06
CUST0462,48,Male,Tokyo,2019-03-13
CUST0463,45,Female,Osaka,2020-11-02
CUST0464,29,Male,Tokyo,2019-06-28
CUST0465,45,Male,Tokyo,2018-09-29
CUST0466,53,Male,Tokyo,2019-12-16
CUST0467,60,Male,Sapporo,2022-12-10
CUST0468,26,Male,Fukuoka,2018-05-21
CUST0469,23,Female,Sapporo,2022-12-06
CUST0470,30,Female,Osaka,2019-05-16
CUST0471,48,Female,Tokyo,2020-01-27
CUST0472,55,Male,Osaka,2019-08-07
CUST0473,44,Male,Osaka,2018-11-20
CUST0474,40,Male,Fukuoka,2020-06-16
CUST0475,55,Female,Tokyo,2022-09-04
CUST0476,29,Male,Osaka,2021-01-17
CUST0477,56,Female,Tokyo,2021-12-11
CUST0478,28,Female,Tokyo,2019-09-12
CUST0479,43,Male,Nagoya,2021-06-06
CUST0480,54,Male,Osaka,2022-07-11
CUST0481,54,Female,Tokyo,2021-09-01
CUST0482,55,Male,Tokyo,2020-12-19
CUST0483,37,Female,Osaka,2018-01-17
CUST0484,58,Male,Nagoya,2021-09-29
CUST0485,51,Male,Fukuoka,2022-08-01
CUST0486,43,Female,Sapporo,2021-02-09
CUST0487,42,Male,Nagoya,2019-09-06
CUST0488,51,Female,Tokyo,2021-09-20
CUST0489,56,Male,Nagoya,2018-08-01
CUST0490,31,Female,Osaka,2022-12-04
CUST0491,32,Female,Tokyo,2018-10-03
CUST0492,42,Male,Fukuoka,2019-06-26
CUST0493,44,Female,Tokyo,2018-08-25
CUST0494,54,Male,Sapporo,2022-12-28
CUST0495,60,Male,Osaka,2018-08-08
CUST0496,49,Male,Nagoya,2022-03-01
CUST0497,36,Female,Nagoya,2021-02-07
CUST0498,39,Female,Fukuoka,2018-11-15
CUST0499,44,Male,Nagoya,2019-07-12
CUST0500,41,Male,Nagoya,2019-08-01
CUST0501,32,Female,Tokyo,2021-05-23
CUST0502,38,Male,Osaka,2019-03-08
CUST0503,55,Male,Tokyo,2022-01-09
CUST0504,31,Female,Nagoya,2019-12-04
CUST0505,60,Male,Osaka,2019-02-21
CUST0506,38,Female,Nagoya,2021-11-08
CUST0507,31,Male,Tokyo,2021-07-22
CUST0508,28,Female,Tokyo,2022-10-13
CUST0509,26,Male,Nagoya,2019-06-25
CUST0510,47,Male,Tokyo,2020-11-01
CUST0511,33,Female,Tokyo,2020-09-27
CUST0512,50,Male,Tokyo,2019-05-30
CUST0513,38,Female,Sapporo,2022-09-29
CUST0514,35,Male,Nagoya,2018-04-15
CUST0515,24,Female,Tokyo,2018-07-09
CUST0516,54,Female,Tokyo,2021-07-23
CUST0517,31,Female,Tokyo,2020-05-17
CUST0518,44,Female,Nagoya,2022-08-26
CUST0519,40,Male,Nagoya,2019-07-21
CUST0520,55,Male,Tokyo,2018-04-01
CUST0521,42,Female,Tokyo,2018-01-08
CUST0522,35,Female,Tokyo,2019-11-15
CUST0523,58,Female,Nagoya,2022-04-29
CUST0524,58,Male,Nagoya,2018-09-25
CUST0525,33,Male,Tokyo,2021-07-28
CUST0526,50,Male,Tokyo,2019-06-21
CUST0527,24,Male,Tokyo,2018-11-27
CUST0528,54,Female,Sapporo,2022-02-27
CUST0529,42,Female,Tokyo,2020-06-23
CUST0530,48,Female,Nagoya,2021-02-03
CUST0531,30,Male,Nagoya,2021-12-16
CUST0532,37,Male,Tokyo,2020-05-25
CUST0533,31,Male,Tokyo,2021-02-22
CUST0534,28,Female,Tokyo,2018-01-20
CUST0535,29,Female,Nagoya,2018-08-18
CUST0536,36,Male,Nagoya,2018-06-04
CUST0537,57,Female,Nagoya,2022-12-14
CUST0538,26,Male,Osaka,2021-11-16
CUST0539,32,Male,Tokyo,2018-11-02
CUST0540,59,Female,Sapporo,2021-01-22
CUST0541,28,Male,Nagoya,2018-03-15
CUST0542,46,Female,Tokyo,2022-09-06
CUST0543,21,Male,Sapporo,2020-01-27
CUST0544,24,Female,Nagoya,2021-04-07
CUST0545,48,Female,Osaka,2021-02-05
CUST0546,56,Female,Nagoya,2018-10-31
CUST0547,57,Male,Fukuoka,2020-05-30
CUST0548,38,Male,Nagoya,2018-09-19
CUST0549,27,Female,Tokyo,2018-03-27
CUST0550,20,Female,Tokyo,2019-09-24
CUST0551,41,Male,Sapporo,2020-01-17
CUST0552,36,Male,Tokyo,2022-06-19
CUST0553,26,Male,Tokyo,2022-10-29
CUST0554,44,Female,Osaka,2018-03-23
CUST0555,23,Male,Osaka,2020-01-03
CUST0556,55,Male,Nagoya,2019-03-07
CUST0557,25,Female,Sapporo,2021-10-28
CUST0558,50,Male,Tokyo,2019-05-27
CUST0559,38,Male,Tokyo,2021-09-27
CUST0560,58,Male,Tokyo,2018-07-30
CUST0561,46,Female,Fukuoka,2019-12-26
CUST0562,29,Female,Nagoya,2022-05-17
CUST0563,45,Female,Tokyo,2021-02-20
CUST0564,38,Female,Fukuoka,2022-12-16
CUST0565,58,Female,Fukuoka,2022-11-27
CUST0566,22,Female,Fukuoka,2020-04-12
CUST0567,32,Female,Sapporo,2021-06-25
CUST0568,47,Male,Tokyo,2022-03-15
CUST0569,39,Male,Nagoya,2018-11-13
CUST0570,47,Female,Osaka,2019-04-30
CUST0571,27,Male,Fukuoka,2022-11-06
CUST0572,60,Male,Nagoya,2018-11-29
CUST0573,58,Female,Nagoya,2022-06-27
CUST0574,20,Male,Nagoya,2022-07-19
CUST0575,22,Male,Tokyo,2018-12-29
CUST0576,32,Male,Osaka,2022-12-11
CUST0577,47,Male,Sapporo,2020-04-24
CUST0578,44,Male,Sapporo,2018-02-20
CUST0579,52,Female,Tokyo,2019-01-03
CUST0580,57,Female,Tokyo,2022-02-17
CUST0581,25,Female,Tokyo,2019-11-12
CUST0582,51,Male,Nagoya,2022-05-22
CUST0583,40,Female,Fukuoka,2020-04-23
CUST0584,35,Male,Tokyo,2022-07-01
CUST0585,40,Male,Osaka,2021-10-03
CUST0586,30,Male,Fukuoka,2022-11-05
CUST0587,56,Male,Nagoya,2022-02-14
CUST0588,55,Female,Osaka,2022-07-19
CUST0589,54,Female,Osaka,2019-05-24
CUST0590,38,Male,Osaka,2019-07-01
CUST0591,39,Female,Tokyo,2018-11-23
CUST0592,37,Male,Osaka,2022-06-01
CUST0593,60,Female,Nagoya,2021-12-07
CUST0594,33,Female,Fukuoka,2018-08-10
CUST0595,34,Male,Nagoya,2020-02-23
CUST0596,50,Female,Nagoya,2022-11-22
CUST0597,20,Male,Tokyo,2018-03-21
CUST0598,22,Female,Osaka,2022-10-25
CUST0599,35,Male,Tokyo,2020-08-21
CUST0600,42,Male,Tokyo,2019-04-01
CUST0601,30,Female,Nagoya,2019-02-13
CUST0602,31,Female,Sapporo,2022-07-31
CUST0603,29,Male,Tokyo,2020-07-31
CUST0604,51,Female,Osaka,2019-12-18
CUST0605,35,Female,Fukuoka,2019-09-18
CUST0606,27,Male,Tokyo,2022-08-08
CUST0607,57,Male,Osaka,2022-06-17
CUST0608,31,Female,Nagoya,2022-11-20
CUST0609,43,Male,Nagoya,2019-04-12
CUST0610,47,Male,Tokyo,2019-04-02
CUST0611,27,Male,Tokyo,2018-02-18
CUST0612,47,Female,Nagoya,2021-09-13
CUST0613,55,Female,Osaka,2019-01-31
CUST0614,45,Male,Tokyo,2020-03-27
CUST0615,27,Female,Nagoya,2019-11-04
CUST0616,47,Male,Tokyo,2019-07-25
CUST0617,47,Female,Nagoya,2022-11-06
CUST0618,56,Male,Tokyo,2018-05-23
CUST0619,60,Male,Sapporo,2022-05-03
CUST0620,55,Female,Tokyo,2019-07-26
CUST0621,46,Male,Tokyo,2019-12-21
CUST0622,36,Female,Tokyo,2021-08-06
CUST0623,28,Female,Tokyo,2020-11-09
CUST0624,52,Male,Fukuoka,2020-03-29
CUST0625,39,Male,Sapporo,2021-10-23
CUST0626,32,Female,Tokyo,2022-09-24
CUST0627,47,Male,Osaka,2021-01-03
CUST0628,48,Male,Nagoya,2019-11-10
CUST0629,32,Male,Fukuoka,2018-02-26
CUST0630,54,Male,Osaka,2018-08-25
CUST0631,25,Male,Tokyo,2022-12-02
CUST0632,37,Female,Osaka,2019-06-19
CUST0633,24,Female,Nagoya,2019-01-01
CUST0634,44,Male,Tokyo,2021-04-04
CUST0635,21,Male,Nagoya,2019-06-28
CUST0636,29,Male,Tokyo,2018-03-20
CUST0637,49,Female,Nagoya,2018-08-11
CUST0638,24,Male,Tokyo,2021-05-06
CUST0639,52,Female,Osaka,2020-06-08
CUST0640,20,Female,Osaka,2019-12-09
CUST0641,37,Female,Nagoya,2022-02-01
CUST0642,51,Male,Tokyo,2022-05-30
CUST0643,30,Female,Osaka,2019-10-05
CUST0644,40,Male,Osaka,2020-06-12
CUST0645,45,Female,Osaka,2021-05-26
CUST0646,44,Male,Nagoya,2020-11-13
CUST0647,41,Female,Nagoya,2018-08-25
CUST0648,46,Male,Fukuoka,2020-02-28
CUST0649,32,Female,Tokyo,2021-03-26
CUST0650,52,Male,Fukuoka,2019-01-25
CUST0651,53,Male,Osaka,2019-06-06
CUST0652,60,Male,Tokyo,2018-04-01
CUST0653,54,Male,Tokyo,2021-12-22
CUST0654,20,Female,Tokyo,2020-06-12
CUST0655,40,Female,Nagoya,2018-01-04
CUST0656,25,Male,Nagoya,2020-11-30
CUST0657,47,Female,Nagoya,2022-07-10
CUST0658,36,Male,Osaka,2021-01-07
CUST0659,24,Male,Osaka,2021-11-07
CUST0660,50,Female,Tokyo,2022-01-13
CUST0661,24,Male,Tokyo,2022-02-28
CUST0662,57,Male,Osaka,2022-02-18
CUST0663,22,Female,Tokyo,2021-10-05
CUST0664,42,Male,Tokyo,2019-02-08
CUST0665,56,Male,Osaka,2020-01-16
CUST0666,56,Male,Nagoya,2020-06-02
CUST0667,29,Male,Sapporo,2018-05-24
CUST0668,29,Female,Sapporo,2021-09-22
CUST0669,38,Female,Nagoya,2019-11-08
CUST0670,36,Female,Osaka,2021-06-30
CUST0671,40,Male,Nagoya,2019-10-05
CUST0672,33,Male,Nagoya,2021-09-20
CUST0673,28,Female,Tokyo,2022-10-03
CUST0674,20,Male,Osaka,2018-09-13
CUST0675,32,Male,Fukuoka,2022-01-14
CUST0676,23,Male,Tokyo,2019-09-08
CUST0677,20,Male,Osaka,2020-11-04
CUST0678,59,Female,Osaka,2019-09-26
CUST0679,51,Female,Tokyo,2021-09-27
CUST0680,53,Female,Tokyo,2020-04-16
CUST0681,47,Male,Tokyo,2019-10-31
CUST0682,50,Female,Tokyo,2020-04-04
CUST0683,27,Female,Tokyo,2021-11-28
CUST0684,58,Male,Fukuoka,2019-08-29
CUST0685,45,Male,Tokyo,2021-02-09
CUST0686,53,Female,Osaka,2018-09-18
CUST0687,22,Female,Tokyo,2019-01-28
CUST0688,31,Female,Sapporo,2020-05-11
CUST0689,20,Female,Tokyo,2021-09-23
CUST0690,24,Male,Osaka,2020-02-16
CUST0691,49,Female,Fukuoka,2021-10-19
CUST0692,49,Female,Fukuoka,2022-03-13
CUST0693,36,Male,Tokyo,2018-12-23
CUST0694,42,Female,Fukuoka,2021-06-14
CUST0695,34,Male,Osaka,2021-03-11
CUST0696,56,Male,Osaka,2019-09-09
CUST0697,40,Male,Tokyo,2020-04-11
CUST0698,33,Female,Tokyo,2021-01-27
CUST0699,21,Female,Nagoya,2022-09-04
CUST0700,30,Male,Osaka,2018-01-01
CUST0701,58,Female,Osaka,2019-09-15
CUST0702,57,Female,Nagoya,2019-08-11
CUST0703,53,Male,Nagoya,2019-03-07
CUST0704,57,Male,Tokyo,2020-05-30
CUST0705,53,Female,Nagoya,2022-05-29
CUST0706,37,Male,Tokyo,2021-04-02
CUST0707,49,Female,Nagoya,2021-05-27
CUST0708,34,Female,Nagoya,2021-09-02
CUST0709,46,Female,Sapporo,2019-10-22
CUST0710,53,Female,Tokyo,2020-08-10
CUST0711,57,Male,Tokyo,2020-06-23
CUST0712,52,Male,Tokyo,2020-06-24
CUST0713,43,Male,Tokyo,2021-10-15
CUST0714,34,Male,Tokyo,2019-03-14
CUST0715,49,Female,Sapporo,2020-11-12
CUST0716,36,Female,Tokyo,2020-08-27
CUST0717,24,Male,Tokyo,2022-06-14
CUST0718,48,Female,Nagoya,2022-06-19
CUST0719,23,Female,Osaka,2022-02-16
CUST0720,29,Female,Nagoya,2018-12-14
CUST0721,36,Male,Tokyo,2021-09-11
CUST0722,29,Male,Osaka,2018-06-23
CUST0723,36,Male,Tokyo,2019-08-05
CUST0724,39,Female,Tokyo,2020-11-21
CUST0725,43,Male,Sapporo,2021-09-21
CUST0726,24,Male,Tokyo,2021-07-20
CUST0727,53,Male,Osaka,2021-06-22
CUST0728,25,Male,Osaka,2019-11-18
CUST0729,21,Male,Tokyo,2018-07-11
CUST0730,32,Male,Fukuoka,2022-08-04
CUST0731,30,Female,Tokyo,2022-03-19
CUST0732,42,Female,Nagoya,2019-04-27
CUST0733,35,Male,Sapporo,2021-10-09
CUST0734,50,Male,Osaka,2019-09-28
CUST0735,30,Female,Sapporo,2019-04-06
CUST0736,35,Female,Tokyo,2022-07-10
CUST0737,27,Male,Osaka,2019-02-12
CUST0738,23,Male,Tokyo,2018-10-29
CUST0739,59,Male,Nagoya,2018-02-20
CUST0740,23,Male,Sapporo,2018-04-05
CUST0741,44,Female,Tokyo,2019-05-17
CUST0742,22,Male,Nagoya,2020-08-31
CUST0743,51,Male,Tokyo,2021-06-05
CUST0744,22,Male,Osaka,2022-10-07
CUST0745,46,Male,Osaka,2022-04-23
CUST0746,48,Female,Sapporo,2018-05-30
CUST0747,51,Female,Nagoya,2020-07-21
CUST0748,38,Female,Tokyo,2020-04-28
CUST0749,40,Male,Tokyo,2022-12-20
CUST0750,24,Male,Tokyo,2021-07-13
CUST0751,37,Female,Tokyo,2021-03-24
CUST0752,47,Male,Tokyo,2019-02-03
CUST0753,41,Male,Fukuoka,2022-01-11
CUST0754,40,Female,Osaka,2021-11-27
CUST0755,25,Female,Osaka,2020-02-26
CUST0756,20,Female,Tokyo,2020-10-09
CUST0757,24,Female,Fukuoka,2020-03-29
CUST0758,60,Male,Nagoya,2019-05-15
CUST0759,31,Male,Tokyo,2018-10-30
CUST0760,45,Female,Nagoya,2021-09-05
CUST0761,53,Male,Osaka,2021-11-09
CUST0762,33,Female,Tokyo,2018-01-12
CUST0763,45,Female,Osaka,2022-03-18
CUST0764,46,Male,Osaka,2022-10-29
CUST0765,28,Female,Tokyo,2022-04-27
CUST0766,45,Male,Sapporo,2022-12-19
CUST0767,41,Male,Fukuoka,2018-08-07
CUST0768,49,Male,Nagoya,2022-05-14
CUST0769,36,Male,Osaka,2020-05-20
CUST0770,45,Female,Osaka,2019-03-25
CUST0771,55,Male,Nagoya,2018-12-27
CUST0772,20,Female,Osaka,2022-07-05
CUST0773,27,Female,Tokyo,2021-11-26
CUST0774,54,Female,Osaka,2020-11-26
CUST0775,34,Female,Fukuoka,2020-08-09
CUST0776,41,Male,Osaka,2018-04-13
CUST0777,33,Male,Tokyo,2021-02-15
CUST0778,45,Female,Nagoya,2019-05-26
CUST0779,47,Female,Tokyo,2022-10-04
CUST0780,42,Male,Tokyo,2018-09-06
CUST0781,33,Female,Tokyo,2020-07-23
CUST0782,43,Male,Tokyo,2018-10-01
CUST0783,21,Female,Nagoya,2022-06-30
CUST0784,45,Male,Osaka,2020-08-09
CUST0785,33,Female,Tokyo,2021-09-29
CUST0786,26,Female,Fukuoka,2020-12-23
CUST0787,22,Male,Fukuoka,2021-02-18
CUST0788,42,Female,Fukuoka,2021-05-04
CUST0789,37,Female,Tokyo,2019-10-12
CUST0790,57,Male,Osaka,2022-03-27
CUST0791,54,Female,Sapporo,2022-12-31
CUST0792,34,Male,Nagoya,2020-06-25
CUST0793,44,Male,Tokyo,2021-06-08
CUST0794,56,Female,Tokyo,2022-07-28
CUST0795,47,Female,Osaka,2022-01-13
CUST0796,29,Female,Sapporo,2023-01-01
CUST0797,58,Female,Osaka,2020-10-30
CUST0798,36,Female,Osaka,2020-05-23
CUST0799,58,Female,Tokyo,2022-08-29
CUST0800,41,Female,Nagoya,2021-01-27
CUST0801,45,Male,Fukuoka,2020-07-02
CUST0802,44,Female,Tokyo,2018-11-22
CUST0803,36,Male,Nagoya,2022-03-04
CUST0804,32,Female,Sapporo,2022-10-31
CUST0805,39,Female,Tokyo,2020-08-30
CUST0806,44,Male,Osaka,2020-07-10
CUST0807,23,Female,Tokyo,2019-06-15
CUST0808,29,Female,Nagoya,2022-03-20
CUST0809,22,Male,Osaka,2019-05-22
CUST0810,60,Female,Nagoya,2022-09-17
CUST0811,37,Female,Nagoya,2021-07-29
CUST0812,55,Female,Tokyo,2019-07-22
CUST0813,41,Male,Sapporo,2022-04-18
CUST0814,53,Female,Osaka,2022-05-12
CUST0815,27,Female,Tokyo,2020-12-03
CUST0816,59,Female,Nagoya,2020-09-19
CUST0817,38,Female,Nagoya,2021-07-07
CUST0818,60,Male,Tokyo,2019-05-05
CUST0819,56,Male,Fukuoka,2019-07-17
CUST0820,25,Female,Sapporo,2020-06-19
CUST0821,45,Female,Tokyo,2018-06-08
CUST0822,53,Male,Sapporo,2022-01-01
CUST0823,25,Male,Tokyo,2019-08-09
CUST0824,56,Female,Tokyo,2019-04-26
CUST0825,52,Male,Tokyo,2019-07-11
CUST0826,41,Female,Fukuoka,2019-11-19
CUST0827,40,Male,Nagoya,2019-10-17
CUST0828,25,Male,Tokyo,2021-01-11
CUST0829,25,Male,Osaka,2018-06-15
CUST0830,23,Male,Nagoya,2018-10-11
CUST0831,49,Female,Tokyo,2018-11-05
CUST0832,30,Male,Fukuoka,2019-04-19
CUST0833,49,Male,Fukuoka,2020-02-24
CUST0834,50,Female,Osaka,2021-11-22
CUST0835,43,Male,Sapporo,2018-11-09
CUST0836,28,Male,Osaka,2021-12-17
CUST0837,22,Female,Sapporo,2019-03-15
CUST0838,50,Male,Nagoya,2018-05-12
CUST0839,59,Female,Nagoya,2020-04-29
CUST0840,56,Female,Tokyo,2020-04-14
CUST0841,55,Female,Fukuoka,2019-11-09
CUST0842,43,Female,Osaka,2021-01-16
CUST0843,50,Male,Tokyo,2020-08-12
CUST0844,25,Female,Tokyo,2020-05-01
CUST0845,21,Male,Osaka,2018-05-08
CUST0846,39,Male,Osaka,2019-02-28
CUST0847,47,Male,Nagoya,2022-09-02
CUST0848,30,Male,Fukuoka,2020-05-10
CUST0849,23,Male,Tokyo,2020-03-08
CUST0850,34,Male,Nagoya,2022-04-26
CUST0851,25,Male,Tokyo,2021-04-11
CUST0852,49,Male,Fukuoka,2021-11-25
CUST0853,57,Male,Fukuoka,2018-02-10
CUST0854,21,Male,Osaka,2022-10-21
CUST0855,34,Female,Nagoya,2022-12-09
CUST0856,30,Female,Tokyo,2022-04-17
CUST0857,27,Female,Osaka,2021-03-25
CUST0858,45,Male,Fukuoka,2020-02-19
CUST0859,24,Female,Osaka,2020-09-03
CUST0860,25,Female,Tokyo,2018-01-13
CUST0861,45,Female,Osaka,2019-12-22
CUST0862,23,Male,Fukuoka,2019-09-04
CUST0863,38,Male,Tokyo,2022-03-24
CUST0864,39,Male,Tokyo,2020-03-09
CUST0865,52,Male,Nagoya,2022-10-14
CUST0866,39,Female,Fukuoka,2023-01-01
CUST0867,31,Female,Tokyo,2022-09-08
CUST0868,20,Female,Tokyo,2020-05-08
CUST0869,45,Female,Tokyo,2021-01-07
CUST0870,33,Male,Tokyo,2022-03-11
CUST0871,57,Male,Osaka,2022-02-13
CUST0872,56,Male,Nagoya,2021-01-23
CUST0873,30,Female,Nagoya,2022-06-27
CUST0874,55,Male,Nagoya,2021-05-20
CUST0875,32,Male,Tokyo,2019-03-28
CUST0876,22,Female,Fukuoka,2020-09-26
CUST0877,52,Female,Osaka,2019-03-26
CUST0878,25,Male,Sapporo,2019-07-13
CUST0879,29,Male,Nagoya,2020-06-11
CUST0880,24,Male,Tokyo,2020-09-21
CUST0881,42,Male,Nagoya,2018-03-01
CUST0882,29,Male,Tokyo,2020-03-07
CUST0883,21,Male,Nagoya,2019-11-20
CUST0884,32,Female,Tokyo,2021-10-01
CUST0885,59,Female,Tokyo,2021-10-22
CUST0886,21,Female,Fukuoka,2022-06-23
CUST0887,39,Male,Tokyo,2020-04-08
CUST0888,20,Female,Fukuoka,2022-01-23
CUST0889,56,Male,Tokyo,2018-12-05
CUST0890,28,Male,Nagoya,2022-09-18
CUST0891,36,Female,Nagoya,2020-08-15
CUST0892,28,Male,Osaka,2018-09-19
CUST0893,30,Male,Tokyo,2021-06-28
CUST0894,34,Female,Tokyo,2020-12-29
CUST0895,43,Female,Tokyo,2018-02-25
CUST0896,57,Female,Tokyo,2020-03-17
CUST0897,54,Male,Nagoya,2021-04-27
CUST0898,49,Female,Sapporo,2021-03-01
CUST0899,50,Female,Fukuoka,2021-09-19
CUST0900,24,Male,Nagoya,2018-02-25
CUST0901,33,Female,Nagoya,2018-06-21
CUST0902,30,Female,Nagoya,2021-08-09
CUST0903,28,Female,Tokyo,2020-05-27
CUST0904,53,Male,Sapporo,2018-10-05
CUST0905,31,Male,Nagoya,2022-11-11
CUST0906,54,Male,Osaka,2020-08-03
CUST0907,54,Male,Tokyo,2019-01-08
CUST0908,20,Female,Osaka,2018-04-13
CUST0909,59,Male,Osaka,2019-06-17
CUST0910,41,Male,Fukuoka,2020-02-16
CUST0911,48,Female,Osaka,2019-11-02
CUST0912,27,Female,Tokyo,2019-03-10
CUST0913,30,Female,Sapporo,2020-07-20
CUST0914,60,Male,Tokyo,2019-11-01
CUST0915,56,Male,Osaka,2019-11-23
CUST0916,33,Male,Tokyo,2022-04-08
CUST0917,49,Female,Nagoya,2022-12-07
CUST0918,54,Female,Sapporo,2020-02-16
CUST0919,40,Male,Tokyo,2019-07-24
CUST0920,56,Female,Fukuoka,2022-03-21
CUST0921,24,Female,Tokyo,2022-08-31
CUST0922,38,Female,Sapporo,2020-05-13
CUST0923,33,Male,Nagoya,2019-06-01
CUST0924,45,Female,Fukuoka,2022-09-06
CUST0925,23,Female,Tokyo,2018-06-17
CUST0926,44,Male,Sapporo,2020-08-21
CUST0927,44,Male,Nagoya,2018-02-09
CUST0928,37,Female,Tokyo,2022-03-15
CUST0929,59,Female,Fukuoka,2021-01-09
CUST0930,27,Male,Tokyo,2018-04-17
CUST0931,58,Male,Fukuoka,2019-12-18
CUST0932,59,Female,Tokyo,2019-04-05
CUST0933,33,Female,Nagoya,2021-08-24
CUST0934,51,Female,Osaka,2018-05-21
CUST0935,57,Female,Tokyo,2022-05-19
CUST0936,52,Male,Tokyo,2021-08-27
CUST0937,42,Female,Tokyo,2018-03-24
CUST0938,34,Female,Osaka,2022-03-25
CUST0939,52,Male,Tokyo,2018-03-05
CUST0940,44,Female,Osaka,2019-05-22
CUST0941,36,Male,Tokyo,2019-02-13
CUST0942,52,Female,Tokyo,2022-09-15
CUST0943,21,Female,Nagoya,2018-02-11
CUST0944,33,Male,Tokyo,2021-06-26
CUST0945,59,Male,Sapporo,2018-11-09
CUST0946,59,Female,Fukuoka,2019-05-04
CUST0947,58,Female,Nagoya,2018-09-16
CUST0948,25,Female,Osaka,2020-08-27
CUST0949,25,Male,Fukuoka,2021-10-03
CUST0950,22,Female,Tokyo,2018-08-23
CUST0951,26,Male,Tokyo,2021-03-01
CUST0952,27,Male,Tokyo,2019-03-23
CUST0953,34,Female,Nagoya,2020-08-10
CUST0954,48,Male,Tokyo,2021-12-03
CUST0955,52,Female,Osaka,2019-06-09
CUST0956,49,Female,Sapporo,2022-04-20
CUST0957,58,Female,Fukuoka,2020-01-26
CUST0958,46,Female,Osaka,2018-12-10
CUST0959,55,Female,Tokyo,2021-05-25
CUST0960,48,Male,Fukuoka,2021-05-28
CUST0961,57,Male,Osaka,2022-03-12
CUST0962,52,Female,Tokyo,2022-01-11
CUST0963,56,Female,Tokyo,2018-08-23
CUST0964,46,Male,Sapporo,2022-05-12
CUST0965,52,Male,Nagoya,2022-08-05
CUST0966,23,Male,Fukuoka,2018-12-02
CUST0967,41,Male,Fukuoka,2019-09-30
CUST0968,21,Female,Osaka,2018-08-10
CUST0969,29,Female,Osaka,2021-03-31
CUST0970,24,Male,Osaka,2018-02-22
CUST0971,29,Female,Tokyo,2019-10-01
CUST0972,52,Male,Osaka,2021-03-25
CUST0973,57,Female,Nagoya,2021-10-19
CUST0974,32,Male,Nagoya,2020-02-08
CUST0975,50,Female,Fukuoka,2020-03-23
CUST0976,55,Male,Osaka,2022-01-04
CUST0977,43,Male,Nagoya,2019-02-11
CUST0978,34,Female,Nagoya,2018-06-05
CUST0979,48,Male,Osaka,2021-04-27
CUST0980,27,Female,Nagoya,2021-11-15
CUST0981,24,Female,Tokyo,2022-08-29
CUST0982,48,Male,Osaka,2021-07-08
CUST0983,23,Female,Tokyo,2019-05-13
CUST0984,31,Female,Tokyo,2018-07-28
CUST0985,21,Female,Osaka,2021-11-28
CUST0986,46,Female,Nagoya,2022-05-02
CUST0987,50,Female,Sapporo,2019-09-10
CUST0988,55,Male,Nagoya,2022-10-08
CUST0989,55,Female,Nagoya,2021-11-02
CUST0990,45,Female,Osaka,2021-05-14
CUST0991,46,Female,Nagoya,2022-07-08
CUST0992,24,Female,Tokyo,2018-09-05
CUST0993,39,Female,Tokyo,2022-06-19
CUST0994,30,Male,Tokyo,2021-03-05
CUST0995,29,Female,Osaka,2022-05-22
CUST0996,59,Male,Tokyo,2018-03-26
CUST0997,57,Male,Tokyo,2019-12-13
CUST0998,25,Male,Tokyo,2020-12-27
CUST0999,27,Male,Sapporo,2020-05-27
CUST1000,42,Female,Tokyo,2021-09-16
